20210628_1221_Mon,シャンプー,try_1,Organic,1,B073W1637L,シャンプー ＆ トリートメント 【 無添加 天然由来洗浄 】 オルナ オーガニック ボタニカル ノンシリコンシャンプー / ボタニカル トリートメント 500ml&500ml ヒアルロン酸 コラーゲン ビタミンC誘導体 スムース ヘアケアギフトセット
20210628_1221_Mon,シャンプー,try_1,Organic,2,B07HRSMSWQ,【大容量】パンテーン シャンプー エクストラダメージケア 詰め替え 超特大 2200mL
20210628_1221_Mon,シャンプー,try_1,Organic,3,B07GRT7JQ7,シャンプー&トリートメント [ダメージ補修] フローラル&ベリーの香り ダイアン パーフェクトビューティ エクストラダメージリペア セット 450ml×2
20210628_1221_Mon,シャンプー,try_1,Organic,4,B07XFWYCH3,[Amazon限定ブランド]【大容量】シャンプー [ダメージ補修] フローラル&ベリーの香り ダイアンDX エクストラダメージリペア 詰め替え 1000ml
20210628_1221_Mon,シャンプー,try_1,Organic,5,B089WSBTYD,【Amazon.co.jp限定】 Dove(ダヴ) 【大容量】モイスチャーケア シャンプー ホワイト 詰替え用 超特大 2000g
20210628_1221_Mon,シャンプー,try_1,Organic,6,B07T23B723,ザ パブリック オーガニック ベストコスメ ヘアケア セット スーパーポジティブ シャンプー + トリートメント (ボトル本体)
20210628_1221_Mon,シャンプー,try_1,Organic,7,B07GRPJ471,シャンプー&トリートメント [ツヤ髪] フローラル&ベリーの香り ダイアン パーフェクトビューティ エクストラシャイン 450ml×2
20210628_1221_Mon,シャンプー,try_1,Organic,8,B091TP3KTX,TSUBAKI(ツバキ) プレミアムクールポンプペア セット 490ml×2 個
20210628_1221_Mon,シャンプー,try_1,Organic,9,B07Q2G3SJZ,スカルプD シャンプー メンズ オイリー 脂性肌用 医薬部外品 アンファー (ANGFA) 薬用シャンプー スカルプシャンプー ノンシリコン 男性用 350ml
20210628_1221_Mon,シャンプー,try_1,Organic,10,B00DE9Y0Q4,&GINO 頭皮ケアシャンプー プレミアムブラックシャンプー 400ml【 頭皮ケア スカルプ シャンプー 男性用 メンズ 】
20210628_1221_Mon,シャンプー,try_1,Organic,11,B08VF978TD,BOTANIST(ボタニスト) ボタニカルシャンプー&トリートメント 【ダメージケアセット】 リニューアル 植物由来 ヘアケア ノンシリコン ダメージ 補修 ツヤ 指通り さらさら 潤い 頭皮ケア 保湿 アミノ酸
20210628_1221_Mon,シャンプー,try_1,Organic,12,B08H7YQR2V,ザ パブリック オーガニック シャンプー & トリートメント ベストコスメ 本体ボトル セット スーパーポジティブ 480mL + 480mL 2020年リニューアル
20210628_1221_Mon,シャンプー,try_1,Organic,13,B08HSDSCWQ,【まとめ買い】 MACHERIE(マシェリ) エアフィール シャンプー ポンプ+コンディショナー ポンプ (さらさら なめらか) セット 450ml×2個 本体
20210628_1221_Mon,シャンプー,try_1,Organic,14,B07Q9THMCJ,【大容量】 メリット シャンプー つめかえ用 2000ml [医薬部外品] ナチュラルフローラルのやさしい香り
20210628_1221_Mon,シャンプー,try_1,Organic,15,B084KMWCQJ,レベナオーガニック シャンプー＆トリートメントセット アミノ酸 オーガニック ノンシリコン ボタニカル スカルプ 無添加 しっとり高保湿 セラミド 植物幹細胞 配合 500ml＆500g
20210628_1221_Mon,シャンプー,try_1,Organic,16,B07DR8XNKF,アンファー (ANGFA) スカルプDボーテ ナチュラスターシャンプー ・トリートメトパック 350ml 女性用 オーガニック シャンプー コンディショナー [ノンシリコン] [サルフェートフリー] ペア・リリーの香り
20210628_1221_Mon,シャンプー,try_1,Organic,17,B08HHJZSYF,Nile 超濃密泡シャンプー メンズ レディース 濃厚ジェル アミノ酸 スカルプケア (250ｍⅬ)
20210628_1221_Mon,シャンプー,try_1,Organic,18,B00574IL7I,deartech(ディアテック) カウンセリング プレシャンプー 1000ml 詰替え用
20210628_1221_Mon,シャンプー,try_1,Organic,19,B08TXCC9BX,BOTANIST(ボタニスト) ボタニカルシャンプー 【スカルプクレンズ】 490mL リニューアル 植物由来 ヘアケア ノンシリコン 地肌ケア 頭皮ケア 指通り
20210628_1221_Mon,シャンプー,try_1,Organic,20,B07CJ5QM8B,【大容量】h&s for men シャンプー ボリュームアップ 詰め替え 超特大 900mL
20210628_1221_Mon,シャンプー,try_1,Organic,21,B08VFFP9LG,【詰め替えセット】BOTANIST(ボタニスト) ボタニカルシャンプー&トリートメント 【モイストセット】 リニューアル 植物由来 ヘアケア しっとり まとまり ツヤ 指通り
20210628_1221_Mon,シャンプー,try_1,Organic,22,B08LW8JNX8,【Amazon.co.jp限定】 ラックススーパーリッチシャイン モイスチャー シャンプー 詰替え用 5.8個分
20210628_1221_Mon,シャンプー,try_1,Organic,23,B087Z8M9BC,[Amazon限定ブランド]【医薬部外品】デオスカルプ 薬用 シャンプー [ グリーンミントの香り ] MARO マーロ DX 詰替え用 800ml メンズ
20210628_1221_Mon,シャンプー,try_1,Organic,24,B07XC4YDHL,LUX(ラックス) ラックスルミニーク ダメージリペア シャンプー つめかえ用 1kg レッド
20210628_1221_Mon,シャンプー,try_1,Organic,25,B08WMCZ1TJ,[Amazon限定ブランド] シャンプー パーフェクトウォッシュ 濃密泡 [ジェントルミントの香り] MARO17 マーロ17 DX(デラックス) 詰替え 2倍サイズ 600ml メンズ
20210628_1221_Mon,シャンプー,try_1,Organic,26,B084H16CPB,【大容量】 サクセス 薬用シャンプー エクストラクール つめかえ用 960ml [医薬部外品] アブラ ワックス ニオイ 一発洗浄 アクアシトラスの香り
20210628_1221_Mon,シャンプー,try_1,Organic,27,B093ZNN9QB,[Amazon限定ブランド] Essenshil (エッセンシル) シャンプー&トリートメント セット トライアクティブ 480ml+480g ブルー フローラル
20210628_1221_Mon,シャンプー,try_1,Organic,28,B08TXCFRDP,【詰め替え】BOTANIST(ボタニスト) ボタニカルシャンプー【スムース】425mL リニューアル 植物由来 ヘアケア ノンシリコン さらさら 指通り
20210628_1221_Mon,シャンプー,try_1,Organic,29,B0922KMC9T,2021年新商品【クール】3D ボリュームアップ シャンプー [クールシトラスの香り] トリートメント不要 MARO マーロ 440ml メンズ
20210628_1221_Mon,シャンプー,try_1,Organic,30,B081DH5255,【ボトルセット】DROAS ドロアス シルキーシャンプー・シルキートリートメントブリージーサボンの香り (シャンプートリートメントセット) シャンプー トリートメント コンディショナー ヘアケア クレイビューティー 泥 自然の恵み ザボン
20210628_1221_Mon,シャンプー,try_1,Organic,31,B092GSM7WF,flat(フラット) エッセンシャル フラット モイスト&モイスト スヌーピー デザイン ポンプペア (シャンプー トリートメント 500ml)※限定デザイン セット 500ml+500ml
20210628_1221_Mon,シャンプー,try_1,Organic,32,B07ZB81Q8J,haru(ハル) kurokami スカルプ シャンプー アミノ酸 天然由来 柑橘系 400ml メッセージカード付き リンス コンディショナー不要 ノンシリコン 無添加
20210628_1221_Mon,シャンプー,try_1,Organic,33,B07SSHN417,LUCIDO(ルシード) 薬用スカルプデオシャンプー 無香料 詰替え用 大容量 760ml
20210628_1221_Mon,シャンプー,try_1,Organic,34,B07B53M8J9,【大容量】メリット リンスのいらないシャンプー つめかえ用 1080ml [医薬部外品]
20210628_1221_Mon,シャンプー,try_1,Organic,35,B07X8P5943,[Amazon限定ブランド] 3Dボリュームアップ シャンプー EX [ジェントルミントの香り] MARO マーロ DX 詰替え用 760ml メンズ
20210628_1221_Mon,シャンプー,try_1,Organic,36,B08CDQW1SQ,SEABREEZE(シーブリーズ) 【大容量】リンスインシャンプー つめかえ用1L×2個+おまけ(シート10枚)
20210628_1221_Mon,シャンプー,try_1,Organic,37,B07N7876WX,クリア モイスト スカルプシャンプーつめかえ600G
20210628_1221_Mon,シャンプー,try_1,Organic,38,B084H132PK,【大容量】 サクセス 薬用シャンプー つめかえ用 960ml [医薬部外品] アブラ ワックス ニオイ 一発洗浄 アクアシトラスの香り
20210628_1221_Mon,シャンプー,try_1,Organic,39,B08ZZ91G2P,【まとめ買い】 メリット 泡で出てくる シャンプー キッズ からまりやすい髪用 つめかえ用 240ml × 3個 240ml×3個
20210628_1221_Mon,シャンプー,try_1,Organic,40,B08LW8GFDH,【Amazon.co.jp限定】 CLEAR(クリア) フォーメン オールインワン シャンプー 詰替え用 詰め替え 952g
20210628_1221_Mon,シャンプー,try_1,Organic,41,B097C41ZW5,シャンプー 詰め替え ＆ トリートメント 詰め替え セット 【 プロテイン アミノ酸 配合 】 ヘアザプロテイン シャンプー ＆ トリートメント 400ml&400ml
20210628_1221_Mon,シャンプー,try_1,Organic,42,B08LWD27DH,【Amazon.co.jp限定】 LUX(ラックス) プレミアム ボタニフィーク ダメージリペア シャンプー つめかえ用 ピンク 詰め替え700g
20210628_1221_Mon,シャンプー,try_1,Organic,43,B084H15R7S,【大容量】 サクセス リンスのいらない 薬用シャンプー つめかえ用 960ml [医薬部外品] アブラ ワックス ニオイ 一発洗浄 髪きしまない アクアシトラスの香り
20210628_1221_Mon,シャンプー,try_1,Organic,44,B08M8W2NDV,Off&Relax シャンプー・トリートメントセット スカルプケア ＯＲ 温泉水 アミノ酸 国産 ボタニカルエッセンス (モイスチャーセット)
20210628_1221_Mon,シャンプー,try_1,Organic,45,B08XNBG4HS,TSUBAKI(ツバキ) プレミアムモイスト 体感セット(假屋崎省吾氏コラボレーションデザインパッケージ) 490ml×2
20210628_1221_Mon,シャンプー,try_1,Organic,46,B07GRTPJ5F,シャンプー&トリートメント [ストレート] フローラル&ベリーの香り ダイアン パーフェクトビューティ エクストラストレート セット 450ml×2
20210628_1221_Mon,シャンプー,try_1,Organic,47,B005J31LO2,大塚製薬 UL・OS(ウル・オス) 薬用スカルプシャンプー 詰め替え用 420mL
20210628_1221_Mon,シャンプー,try_1,Organic,48,B08HZ52GZN,【まとめ買い】 スーパーマイルド(SUPER MiLD) シャンプー 詰替用 1L×3個
20210628_1221_Mon,シャンプー,try_1,Organic,49,B08YJP2B45,凜恋/rinRen(リンレン) 【医薬部外品】無添加 ノンシリコン シャンプー &トリートメント セット 【スカルプケア】 (ミント&レモン) ボトル各400ml
20210628_1221_Mon,シャンプー,try_1,Organic,50,B089Z6XVB9,デ・オウ 【医薬部外品】シャンプー 詰替用 2個+おまけつき 320mLX2
20210628_1221_Mon,シャンプー,try_1,Organic,51,B00MGEF8NM,ルベル イオ セラム クレンジング シャンプー 1000mL & クリーム トリートメント 1000mL 詰め替え用 業務用 セット Lebel iau
20210628_1221_Mon,シャンプー,try_1,Organic,52,B08TCGD7WR,デオコ スカルプケア シャンプー つめかえ用 スウィートフローラル ナショナル 285mL
20210628_1221_Mon,シャンプー,try_1,Organic,53,B08CBLRFH2,【大容量】h&s for men(エイチアンドエスフォーメン) シャンプー スカルプEX 詰め替え 超特大 900mL
20210628_1221_Mon,シャンプー,try_1,Organic,54,B07B48WN1L,(医薬部外品)オクトセラピエ(serapie)薬用スキンケアシャンプー 230ml×2個
20210628_1221_Mon,シャンプー,try_1,Organic,55,B082KLDPBX,シャンプー トリートメント ボトル セット 【 卵殻膜 アミノ酸 配合 の アミノ酸シャンプー 】 「 パラペンフリー 鉱物油フリー 着色剤フリー の 無添加シャンプー 」 NALOW ナロウ ディープ モイスト タイプ スムース タイプ 490ml+490g (NALOWディープモイストシャンプー＆トリートメント)
20210628_1221_Mon,シャンプー,try_1,Organic,56,B00NPQIAOO,【医薬部外品】メディクイックH ふけ・かゆみを防ぐ 頭皮の環境改善 メディカルシャンプー 200ml
20210628_1221_Mon,シャンプー,try_1,Organic,57,B07XVCPVC7,シャンプー ＆ トリートメント バス用品 セット 【 無添加 天然由来洗浄 】 オルナ オーガニック ボタニカル ノンシリコンシャンプー/ボタニカル トリートメント 500ml&500ml ヒアルロン酸 コラーゲン ビタミンC誘導体 セラミド 配合
20210628_1221_Mon,シャンプー,try_1,Organic,58,B00UH9X0YW,シュワルツコフ サロンオンリー シャンプー 1000ml + コンディショナー 1000g セット (詰替用レフィル)
20210628_1221_Mon,シャンプー,try_1,Organic,59,B071FN6T2D,シャンプー 「 無添加 ノンシリコン 天然由来 」 オルナ オーガニック 無香料 でボタニカルな香り「コラーゲン ヒアルロン酸 ビタミンC誘導体 セラミド 配合」500ml (シャンプー ポンプ) (スムース)
20210628_1221_Mon,シャンプー,try_1,Organic,60,B07B5CQWRQ,【大容量】メリット シャンプー つめかえ用 [医薬部外品] 1200ml
20210628_1221_Mon,シャンプー,try_1,Organic,61,B09247KTPM,【2021年新商品】ダイアン シャンプー&トリートメント [グレープフルーツ&ペパーミントの香り] パーフェクトビューティー エクストラフレッシュ&リペア 2021 450ml×2
20210628_1221_Mon,シャンプー,try_1,Organic,62,B07N7C6J3B,CLEAR(クリア) トータルケア スカルプシャンプー グリーン 詰替え用 詰め替え2回分
20210628_1221_Mon,シャンプー,try_1,Organic,63,B092J4GJ2Z,flat(フラット) エッセンシャル フラット エアリースムース スヌーピー デザイン ポンプペア (シャンプー トリートメント 500ml)※限定デザイン セット 500ml+500ml
20210628_1221_Mon,シャンプー,try_1,Organic,64,B00NAY2FG0,【医薬部外品】デオスカルプ 薬用 シャンプー [グリーンミントの香り] MARO マーロ 480ml メンズ
20210628_1221_Mon,シャンプー,try_1,Organic,65,B01LALFWOQ,【定番セット】 ルベル(LebeL) ナチュラルヘアソープ ウィズ SW (シーウィード 720ml)& ナチュラルヘアトリートメント ウィズ RP (ライスプロテイン 720g)
20210628_1221_Mon,シャンプー,try_1,Organic,66,B00XXGCATW,【大容量】パンテーン シャンプー エクストラダメージケア 詰替用 2000ml
20210628_1221_Mon,シャンプー,try_1,Organic,67,B08VXZPJYP,KOSE コーセー ジュレーム リラックス シャンプー (ストレート&スリーク) 500mL うねり・くせがある髪をさらさらストレートに フローラルハニーの香り
20210628_1221_Mon,シャンプー,try_1,Organic,68,B01KHBYK0W,スカルプD シャンプー メンズ オイリー 2点セット (シャンプー ＆ コンディショナー) 脂性肌用 育毛シャンプー 医薬部外品 アンファー (ANGFA)
20210628_1221_Mon,シャンプー,try_1,Organic,69,B07PQQ6N28,[ 医薬部外品 ] アンファー (ANGFA) スカルプD ボーテ ボリューム セット( 女性用 シャンプー & トリートメント パック ) 女のスカルプD 薬用シャンプー スカルプ [ ふけ / かゆみ / アミノ酸 / ノンシリコン ] 350ml
20210628_1221_Mon,シャンプー,try_1,Organic,70,B08BQY8XKY,ヘアザプロテイン モイスト シャンプー 460mL + トリートメント 460mL セット
20210628_1221_Mon,シャンプー,try_1,Organic,71,B0834XFJ4F,KOSE ジュレーム アミノ アルゲリッチ シャンプー (ディープモイスト) フローラル 500mL
20210628_1221_Mon,シャンプー,try_1,Organic,72,B084H16MGP,【大容量】 サクセス リンスのいらない 薬用シャンプー エクストラクール つめかえ用 960ml [医薬部外品] アブラ ワックス ニオイ 一発洗浄 髪きしまない アクアシトラスの香り
20210628_1221_Mon,シャンプー,try_1,Organic,73,B07JJ29V4V,ナプラ N. SHEAシャンプー モイスチャー 750ml ＆ SHEAトリートメント モイスチャー 650g セット【アウトレット品】
20210628_1221_Mon,シャンプー,try_1,Organic,74,B005X4RB14,ルベル IAU イオ クレンジング リラックスメント(シャンプー)600ml&イオ クリーム メルトリペア トリートメント600ml
20210628_1221_Mon,シャンプー,try_1,Organic,75,B08X72ZRFC,h&s(エイチアンドエス) PRO Series シャンプー デオアクティブ ポンプ 350mL
20210628_1221_Mon,シャンプー,try_1,Organic,76,B09571ZVBH,ウルリス　ウォーターコンクモイスト　シャンプー＆トリートメント　おまけ付き
20210628_1221_Mon,シャンプー,try_1,Organic,77,B07F2WYZH8,【大容量】 エッセンシャル さらさら速乾 シャンプー つめかえ用 1080ml
20210628_1221_Mon,シャンプー,try_1,Organic,78,B07968SM7W,【大容量】シャンプー [ストレート] フローラル&ベリーの香り パーフェクトビューティ エクストラストレート 詰め替え 660ml
20210628_1221_Mon,シャンプー,try_1,Organic,79,B07VKDZBQK,flat(フラット) 【大容量】 エッセンシャル フラット モイスト&モイスト シャンプー くせ毛 うねり髪 毛先 まとまる ストレートヘア ゴワつき除去成分配合(洗浄成分) 詰替 600ml リフレッシュフローラルの香り
20210628_1221_Mon,シャンプー,try_1,Organic,80,B08HSFRWP3,【まとめ買い】 MACHERIE(マシェリ) モイスチュア シャンプー ポンプ+コンディショナー ポンプ(しっとり まとまる) セット 450ml×2個
20210628_1221_Mon,シャンプー,try_1,Organic,81,B07K2S7CC5,カラタスシャンプー ヒートケア パープル 250ML
20210628_1221_Mon,シャンプー,try_1,Organic,82,B0845GKP66,LUCIDO(ルシード) 【医薬部外品】薬用 スカルプデオシャンプー メンズ 加齢臭対策 シャンプー 無香料 セット 450ml+サンプル付(乳液2ml)
20210628_1221_Mon,シャンプー,try_1,Organic,83,B08F1X8XCL,REDEN HYBRID SHAMPOO R2(リデン ハイブリッドシャンプー R2)500ml マリンムスクの香り
20210628_1221_Mon,シャンプー,try_1,Organic,84,B079SJYCJM,[ 医薬部外品 ] KADASON (カダソン) スカルプ シャンプー (250ml) 脂漏肌のフケ・かゆみを抑える 薬用 シャンプー オイルフリー (日本製)
20210628_1221_Mon,シャンプー,try_1,Organic,85,B073ZB91KY,シャンプー 詰め替え 【 ボタニカル ノンシリコンシャンプー 】 オルナ オーガニック ヘアケアトラベルセット 「 天然由来 洗浄 成分 配合 」 シャンプー 無添加 合成香料不使用 「 コラーゲン ヒアルロン酸 ビタミンC誘導体 セラミド 配合 」 (スムースの香り 400ml)
20210628_1221_Mon,シャンプー,try_1,Organic,86,B07173VWNN,serapie(オクトセラピエ) 薬用シャンプー230ml+薬用コンディショナー230ml
20210628_1221_Mon,シャンプー,try_1,Organic,87,B0799BK1JN,PRO TEC(プロテク) 頭皮ストレッチシャンプー 本体ポンプ300g+詰め替え230g セット(医薬部外品)
20210628_1221_Mon,シャンプー,try_1,Organic,88,B086QCJKP9,フィヨーレ(FIOLE) フィオーレ クオルシア カラーシャンプー パープル 250ml
20210628_1221_Mon,シャンプー,try_1,Organic,89,B08P6FW5L3,シャンプー&コンディショナー [ ツヤ保湿 ] 甘く優雅なアーモンドの香り ネイチャーラボ トーキョー シャイン 340ml×2
20210628_1221_Mon,シャンプー,try_1,Organic,90,B08CBN78R9,【セット】＆ハニー (アンドハニー) メルティ モイストリペア シャンプー 1.0 つめかえ 350ml＆トリートメント 2.0 つめかえ 350ml
20210628_1221_Mon,シャンプー,try_1,Organic,91,B07RSMTW6X,バイタリズム(VITALISM) スカルプケア シャンプー＆コンディショナー セット for MEN (男性用) 各500ml 大容量 ポンプ式 (リニューアル版)
20210628_1221_Mon,シャンプー,try_1,Organic,92,B07PS23GX4,【携帯用】ドライシャンプー (水のいらないシャンプー) フレッシュシトラスペアの香り ダイアン パーフェクトビューティー 40g
20210628_1221_Mon,シャンプー,try_1,Organic,93,B011TWL1J6,U-MA ウーマシャンプー プレミアム スカルプシャンプー 詰め替え 用 700ml 頭皮ケア ヘアケア メンズ 【ふけ かゆみ ノンシリコン 乾燥 男性用 大容量 】【医薬部外品】
20210628_1221_Mon,シャンプー,try_1,Organic,94,B000FQRWQE,大島椿 オイルシャンプー 400mL (フケ カユミ 低刺激 ノンシリコン)
20210628_1221_Mon,シャンプー,try_1,Organic,95,B07N6NVB3S,マシェリモイスチュアシャンプー詰め替え用(しっとりまとまる)380ml×2個おまけ付きセット【まとめ買い】
20210628_1221_Mon,シャンプー,try_1,Organic,96,B07N627WN5,ザ パブリック オーガニック スーパー ポジティブ シャンプー 詰替え 400mL