20210303_2349_Wed,コンディショナー,try_1,SBA,1,None,
20210303_2349_Wed,コンディショナー,try_1,SBA,2,None,おすすめ記事
20210303_2349_Wed,コンディショナー,try_1,SBA,3,None,
20210303_2349_Wed,コンディショナー,try_1,SBA,4,None,コンディショナーはシャンプー後に髪を保護してくれる大事なヘアケアアイテム。毎日使う使用頻度が高いアイテムのためこだわって選びたいですよね。今回は、そんなコンディショナーのおすすめ人気ランキングを紹介します。
20210303_2349_Wed,コンディショナー,try_1,SBA,5,None,
20210303_2349_Wed,コンディショナー,try_1,SBA,6,None,ダストシールド技術でホコリや汚れから髪を保護
20210303_2349_Wed,コンディショナー,try_1,SBA,7,None,
20210303_2349_Wed,コンディショナー,try_1,SBA,8,None,ホコリや花粉などの汚れから髪を保護するダストシールド技術で、サラサラ髪が長続きします。弱酸性で頭髪や毛髪にも優しく、指通り…
20210303_2349_Wed,コンディショナー,try_1,SBA,9,None,
20210303_2349_Wed,コンディショナー,try_1,SBA,10,None,パサつきやごわつきが気になる髪を集中補修
20210303_2349_Wed,コンディショナー,try_1,SBA,11,None,
20210303_2349_Wed,コンディショナー,try_1,SBA,12,None,髪のダメージによってパサつきやごわつきがきになる髪もしっとりまとまる髪へ。高浸透カプセルを配合し、毛髪のケアをサポートし…
20210303_2349_Wed,コンディショナー,try_1,SBA,13,None,
20210303_2349_Wed,コンディショナー,try_1,SBA,14,None,
20210303_2349_Wed,コンディショナー,try_1,SBA,15,None,
20210303_2349_Wed,コンディショナー,try_1,SBA,16,None,
20210303_2349_Wed,コンディショナー,try_1,SBA,17,None,
20210303_2349_Wed,コンディショナー,try_1,SBA,18,None,
20210303_2349_Wed,コンディショナー,try_1,SBA,19,None,
20210303_2349_Wed,コンディショナー,try_1,SBA,20,None,