20210628_1228_Mon,シャンプー,try_1,SBA,1,None,髪も頭皮もよろこぶ天然由来のシャンプー
20210628_1228_Mon,シャンプー,try_1,SBA,2,B07ZB81Q8J,haru(ハル) kurokami スカルプ シャンプー アミノ酸 天然由来 柑橘系 400ml メッセージ…
20210628_1228_Mon,シャンプー,try_1,SBA,3,B07VL29YHZ,haru(ハル) kurokami スカルプ 天然由来 アミノ酸シャンプー 柑橘系 400ml×2本 リンス…
20210628_1228_Mon,シャンプー,try_1,SBA,4,B07ZB8YFKK,haru(ハル) kurokami スカルプ 天然由来 アミノ酸シャンプー 柑橘系 400ml×3本 リンス…
20210628_1228_Mon,シャンプー,try_1,SBA,5,None,おすすめ記事
20210628_1228_Mon,シャンプー,try_1,SBA,6,None,男性の頭皮は皮脂がたまりやすいため、毎日のシャンプーにはメンズシャンプーを使うのがぴったりです。しかし、シャンプーに含まれている成分や洗い上がりの感覚などは、製品によって大きく異なります。この記事では、ヘアケアアドバイザー・sakuranboさん監修のもと、男性におすすめのシャンプーの選び方とおすすめ商品をご紹介します。
20210628_1228_Mon,シャンプー,try_1,SBA,7,None,延命草エキスでボリューム感が増す！
20210628_1228_Mon,シャンプー,try_1,SBA,8,None,育毛剤にも使用されている延命草エキスを配合し、髪にハリやコシを与えてボリューム感を増加させるこのシャンプー。髪に潤いを与えることで、乾燥による…
20210628_1228_Mon,シャンプー,try_1,SBA,9,None,亜鉛の力でキューティクル層の内側から強い髪に！
20210628_1228_Mon,シャンプー,try_1,SBA,10,None,髪のボリューム感が減少してしまう、意外な要因として知られている亜鉛不足。このシャンプーは、亜鉛を配合し浸透させやすくするヘアケア技術を用いるこ…
20210628_1228_Mon,シャンプー,try_1,SBA,11,None,濃密泡でしっかり洗浄
20210628_1228_Mon,シャンプー,try_1,SBA,12,None,高密度の泡によって根本から皮脂や汚れをすくい上げ、しっかりと洗い落とせるのが特徴のシャンプー。保湿成分が根本まで行き渡ることで、頭皮環境を整え…