20210628_1218_Mon,シャンプー,try_1,SPA,1,B093ZNN9QB,[Amazon限定ブランド] Essenshil (エッセンシル) シャンプー&トリートメント セット トライアクティブ 480ml+480g ブルー フローラル
20210628_1218_Mon,シャンプー,try_1,SPA,2,B07VK3GZ7W,シャンプー&トリートメント セット シンスボーテ 400ml オーガニック 無添加 アミノ酸 美容室専売品 ギフト
20210628_1218_Mon,シャンプー,try_1,SPA,3,B08HNBTTBJ,【セット買い】 セグレタプレミアム スパ フォーム シャンプー + コンディショナー セット (シャンプー 170g + コンディショナー 150g) クリームみたいな 炭酸 ※泡 ※炭酸ガス(噴射剤)
20210628_1218_Mon,シャンプー,try_1,SPA,4,B07VZG9HBR,パンテーンミー ノンシリコンシャンプー プレミアムダメージリペアー ポンプ 500mL シャンプーポンプ
20210628_1218_Mon,シャンプー,try_1,SPA,5,B089YB1W7J,[Amazon限定ブランド] Koloha+Plus シャンプー トリートメント ヘアオイル セット ノンシリコン アミノ酸 オーガニック シャンプー 洗い流さないトリートメント レベナオーガニック
20210628_1218_Mon,シャンプー,try_1,SPA,6,B07JJRL2Q8,CITRUSPA シトラスパ シャンプートリートメント&ヘアパック（スムース）
20210628_1218_Mon,シャンプー,try_1,SPA,7,B07VX7XFRM,パンテーンミー ノンシリコンシャンプー スーパーモイストスムース ポンプ 500mL シャンプーポンプ
20210628_1218_Mon,シャンプー,try_1,SPA,8,B07PLN5MPP,【セット買い】 and and エアリーピーチの香り シャンプー & スウィートジャスミンの香り トリートメント [ ノンシリコン 処方 ]
20210628_1218_Mon,シャンプー,try_1,SPA,9,B097C41ZW5,シャンプー 詰め替え ＆ トリートメント 詰め替え セット 【 プロテイン アミノ酸 配合 】 ヘアザプロテイン シャンプー ＆ トリートメント 400ml&400ml
20210628_1218_Mon,シャンプー,try_1,SPA,10,B08BQY8XKY,ヘアザプロテイン モイスト シャンプー 460mL + トリートメント 460mL セット
20210628_1218_Mon,シャンプー,try_1,SPA,11,B079682K4Q,＜プライムセール対象！今だけ限定１５％OFF！＞【人気No.1！自宅でサロンケア！】＜セットでお得＞ 美容液成分で洗うシャンプー！ 美容室専売品 ディアローグ アメリオレイト シャンプー トリートメント 1000mlセット＜超保湿成分高配合＞
20210628_1218_Mon,シャンプー,try_1,SPA,12,B0865X6KC2,【大容量】パンテーンミー プレミアムダメージリペアー 超特大 トリートメント 詰替え用 1050g
20210628_1218_Mon,シャンプー,try_1,SPA,13,,シンスボーテ シャンプー&トリートメント&ヘアオイル セット 400ml&50ml
20210628_1218_Mon,シャンプー,try_1,SPA,14,B08HYX8CJ2,【セット買い】 and and ボタニカルフルーツの香り シャンプー [ ノンシリコン 処方 ] ＆ ブーケスキップの香り トリートメント
20210628_1218_Mon,シャンプー,try_1,SPA,15,B08HNFLPDW,＜プライムセール対象！＞☆今だけ！20％OFF☆まずはお試し！！【人気No.1！自宅でサロンケア！】＜セットでお得＞ 美容液成分で洗うシャンプー！ 美容室専売品 ディアローグ アメリオレイト シャンプー トリートメント 240mlセット＜超保湿成分高配合＞
20210628_1218_Mon,シャンプー,try_1,SPA,16,B07964FX72,【医薬部外品】ロート製薬 リグロ 薬用スカルプ ノンシリコン シャンプー メンズ 頭皮環境正常化 弱酸性 ハーバルフローラルの香 約2.5カ月分 320mL 日本製
20210628_1218_Mon,シャンプー,try_1,SPA,17,B07SMGZNSK,Nile 濃密泡スカルプシャンプー メンズ アミノ酸シャンプー ノンシリコン リンス成分配合 ラフランスの香り
20210628_1218_Mon,シャンプー,try_1,SPA,18,B084Q5L3X4,Nile 超濃密泡シャンプー メンズ レディース 濃厚ジェル アミノ酸 スカルプケア (250ｍⅬ)
20210628_1218_Mon,シャンプー,try_1,SPA,19,B08HHJZSYF,シャンプー トリートメント ボトル セット 【 卵殻膜 アミノ酸 配合 の アミノ酸シャンプー 】 「 パラペンフリー 鉱物油フリー 着色剤フリー の 無添加シャンプー 」 NALOW ナロウ ディープ モイスト タイプ スムース タイプ 490ml+490g (NALOWスムースシャンプー＆トリートメント)
20210628_1218_Mon,シャンプー,try_1,SPA,20,B08JYY5LYT,レベナオーガニック シャンプー＆トリートメントセット アミノ酸 オーガニック ノンシリコン ボタニカル スカルプ 無添加 しっとり高保湿 セラミド 植物幹細胞 配合 500ml＆500g
20210628_1218_Mon,シャンプー,try_1,SPA,21,B084KMWCQJ,亜鉛酵母で洗う髪育シャンプー.リーディングカンパニー・三資堂製薬 が開発したAGA・FAGA対応 最新ルートプラスワン Z シャンプー 抜け毛が気になる人用 300ml
20210628_1218_Mon,シャンプー,try_1,SPA,22,B081VFB1HT,リッチモロッカン プレミアムオイルシャンプー (300ml / アルガンオイル) シャンプー サロン 日本製
20210628_1218_Mon,シャンプー,try_1,SPA,23,B08ZSJ7H4P,【Amazon.co.jp限定】 CLEAR(クリア) フォーメン トータルケア スカルプ シャンプー つめかえ用 グリーン 詰め替え3.4回分
20210628_1218_Mon,シャンプー,try_1,SPA,24,B08LWB1J3L,LUX(ラックス) ラックスルミニーク ボタニカルピュア シャンプー つめかえ用 1kg ホワイト